id,first_name,last_name,sex,age
1,Teodorico,Skaife d'Ingerthorpe,Male,18
2,Skipper,Paoli,Male,53
3,Avery,Pepi,Male,55
4,Drew,Yushin,Male,46
5,Herta,Duham,Female,5
6,Gaylene,Andries,Female,2
7,Drud,Ousbie,Male,16
8,Ethe,Squelch,Male,87
9,Maximilian,Bereford,Male,22
10,Milt,Sill,Male,10
11,Anders,Vallantine,Male,86
12,Barbette,Reddie,Female,28
13,Jed,Males,Male,64
14,Domini,Godard,Female,89
15,Isahella,Angeli,Female,15
16,Clyde,Albertson,Male,22
17,Haydon,Barensen,Male,12
18,Barry,Cholwell,Male,58
19,Moore,Furlonge,Male,87
20,Rick,Clarridge,Male,27
21,Pip,Hinkley,Male,74
22,Montague,Stallion,Male,51
23,Doroteya,McNeish,Female,51
24,Andrej,Lieber,Agender,8
25,Orlan,Aish,Male,81
26,Christiane,Zelner,Female,13
27,Jeffy,Iacoviello,Male,36
28,Birdie,Petasch,Non-binary,89
29,Bealle,Hurd,Male,22
30,Merrick,Prozillo,Male,33
31,Thorstein,Lourenco,Male,42
32,Gael,Huetson,Polygender,95
33,Wilmar,Noen,Male,20
34,Coletta,Bucknall,Female,80
35,Elnore,McGarrity,Female,21
36,Lenna,Atherley,Female,35
37,Lindy,Yakobowitz,Genderfluid,51
38,Wilmer,McKevitt,Male,73
39,Marsha,Rosewall,Female,75
40,Kristel,Beaven,Female,34
41,Trixy,Cuthbert,Female,14
42,Darnall,Thomerson,Male,94
43,Melamie,Fischer,Agender,29
44,Hy,Brumpton,Male,55
45,Kameko,Golston,Female,37
46,Petr,Gosart,Male,35
47,Sianna,Van der Veldt,Female,14
48,Jami,Pouton,Female,53
49,Reynard,Schiementz,Male,48
50,Garner,Wike,Male,44
51,Vladamir,Rieflin,Male,77
52,Launce,Kick,Male,27
53,Amalita,Buche,Bigender,45
54,Babbette,Safell,Female,69
55,Augustine,Willsmore,Male,8
56,Errick,Plesing,Male,29
57,Deina,McCullough,Female,70
58,Evan,Papworth,Male,100
59,Cyndy,Gashion,Female,57
60,Vanya,Looby,Female,58
61,Caldwell,Sidsaff,Male,86
62,Fowler,Ajsik,Male,44
63,Georges,Fradson,Male,34
64,Judd,Whiskerd,Male,28
65,Flin,Donovin,Male,69
66,Bertie,Archbald,Male,40
67,Shayne,Spurdens,Male,58
68,Lanie,Bees,Male,68
69,Gray,Checchetelli,Male,56
70,Lianna,Behrens,Female,86
71,Ganny,Crone,Male,33
72,Winnie,MacQuist,Male,82
73,Sidnee,McAughtrie,Male,34
74,Lucio,Slite,Genderfluid,33
75,Gertie,Shutler,Female,18
76,Boigie,Gerhardt,Genderfluid,7
77,Gran,Narramore,Male,2
78,Nydia,Guiducci,Genderqueer,94
79,Manfred,Le Monnier,Male,94
80,Kessiah,Woods,Female,95
81,Vinnie,Akker,Male,74
82,Sebastiano,Woodfine,Genderqueer,52
83,Perri,Mayward,Female,48
84,Duky,Johnikin,Male,79
85,Franchot,Toffoletto,Male,62
86,Mae,Cherrie,Female,44
87,Nicole,Harvey,Female,31
88,Dorie,Dick,Female,1
89,Blanch,de la Valette Parisot,Female,55
90,Carena,Surmon,Female,26
91,Filippa,Glendzer,Female,18
92,Harmony,McDyer,Female,56
93,Immanuel,Mibourne,Male,85
94,Ernie,Jelfs,Male,27
95,Thorstein,Francesch,Male,69
96,Vernon,Cattrall,Male,41
97,Barth,Conkling,Male,78
98,Jennette,Duchart,Female,5
99,Baron,Hartland,Male,41
100,Calypso,Drennan,Female,12
101,Verne,Bourton,Male,40
102,Teena,Derye-Barrett,Female,29
103,Richie,Gales,Male,28
104,Cirilo,Cabral,Male,100
105,Julie,Swyer,Male,25
106,Belia,Milleton,Female,14
107,Phaedra,Fragino,Female,92
108,Evey,Lagden,Female,24
109,Biddie,Dobbing,Female,56
110,Shalom,Blenkinship,Male,1
111,Carlee,Strethill,Female,5
112,Ofella,Testro,Female,7
113,Janella,Isenor,Female,90
114,Raimund,Cansfield,Male,56
115,Simmonds,Morris,Male,68
116,Ezequiel,Gillinghams,Male,90
117,Ivonne,Rowcastle,Female,4
118,Karel,McGarva,Female,40
119,Coleman,Camocke,Male,52
120,Aindrea,Bolino,Polygender,25
121,Evelyn,Monks,Female,21
122,Hillyer,Doey,Male,24
123,Meg,Kobierski,Female,41
124,Engelbert,Eacott,Male,25
125,Shadow,Creane,Agender,10
126,Phillida,Copes,Female,99
127,Elspeth,Enga,Bigender,68
128,Clive,Townsend,Male,56
129,Wit,Ernshaw,Male,48
130,Maximilianus,Wroe,Male,24
131,Tomlin,Keyse,Male,23
132,Joyce,Crampin,Female,11
133,Blancha,Jiggens,Female,16
134,Trumann,Freestone,Male,72
135,Sayres,Paff,Male,59
136,Niel,Stanluck,Male,81
137,Alys,Baldelli,Female,98
138,Dannie,Calway,Female,48
139,Wendi,Pearlman,Female,13
140,Shaughn,Chadwin,Male,34
141,Boot,Splevin,Male,99
142,Friedrich,Diem,Male,56
143,Ollie,Davitashvili,Female,84
144,Rodney,Neward,Male,68
145,Terrill,Costin,Male,34
146,Sallyann,Geeve,Genderqueer,13
147,Isobel,Fitchett,Female,61
148,Aymer,Jurick,Male,54
149,Paul,Estrella,Male,94
150,Nichol,Rown,Female,70
151,Uriel,Crowter,Male,70
152,Tracie,Barneveld,Female,66
153,Janis,Tant,Female,81
154,Anneliese,Blindt,Female,45
155,Jamie,Crisell,Male,88
156,Janice,Dilworth,Genderqueer,45
157,Alex,Fealy,Male,30
158,Elias,Coil,Male,4
159,Delphinia,Descroix,Female,14
160,Kevan,Soda,Male,49
161,Moyna,Spridgeon,Female,38
162,Nerita,Purvess,Female,40
163,Karlyn,Masding,Female,36
164,Sibelle,Paradin,Female,68
165,Tracey,Greve,Male,97
166,Kissie,Inskipp,Female,66
167,Neely,Sheaf,Female,79
168,Kalindi,Aymeric,Female,88
169,Gaylord,Himpson,Male,44
170,Elvira,Cockerell,Genderfluid,39
171,Nonah,Dighton,Female,76
172,Kareem,Goldin,Male,55
173,Hyacinthie,Videneev,Female,83
174,Arlinda,Grene,Female,27
175,Lizette,Vinall,Female,24
176,Georas,Manneville,Male,7
177,Robby,O'Deegan,Male,3
178,Aleen,McComb,Female,20
179,Ignaz,Eydel,Male,34
180,Gerhardine,MacAlees,Female,2
181,Bruno,Clacson,Male,14
182,Farah,Guidoni,Female,63
183,Vernen,Flacknoe,Male,82
184,Randolf,Fereday,Male,8
185,Kizzie,Agnew,Female,74
186,Davida,Dyshart,Female,82
187,Durant,Gaddas,Male,63
188,Sheridan,Perrington,Male,55
189,Pegeen,Clemente,Female,74
190,Lynn,Lardier,Male,7
191,Westleigh,Hallard,Non-binary,71
192,Barri,Wadforth,Male,64
193,Bertrand,Marshfield,Male,77
194,Matty,Pinare,Male,62
195,Charmaine,Kingsnorth,Female,76
196,Sula,Jojic,Female,48
197,Jerald,Conelly,Male,88
198,Shirline,Pickavant,Female,5
199,Bastien,Bilbrey,Genderfluid,66
200,Esteban,Masarrat,Male,49
201,Itch,Simoneton,Male,93
202,Wendall,Genn,Male,74
203,Amber,Bullent,Female,44
204,Clive,Yakuntsov,Male,86
205,Parnell,Jacox,Male,41
206,Dulcia,St. Leger,Female,78
207,Pietra,Banisch,Female,26
208,Giacopo,Huffer,Male,52
209,Neville,Renshall,Male,67
210,Sabrina,Andre,Female,96
211,Lonnie,Petersen,Male,31
212,Gib,Aylwin,Male,93
213,Jeanette,Bardey,Female,14
214,Griffin,Hathorn,Male,21
215,Geneva,Gouch,Female,56
216,Dosi,Tiler,Genderfluid,53
217,Duke,Pybworth,Male,77
218,Kissiah,Nibloe,Female,55
219,Carline,Roman,Female,100
220,Ivan,Ghidetti,Male,53
221,Spencer,Allen,Male,27
222,Erma,Gissing,Female,3
223,Kelly,Deards,Female,95
224,Karine,Maslin,Agender,69
225,Hedvig,Scholte,Female,61
226,Karlene,McCarver,Non-binary,26
227,Batsheva,Stonestreet,Female,69
228,Crin,Pennicard,Female,99
229,Dale,Dacre,Agender,87
230,Georgiana,Lynas,Female,70
231,Guendolen,McGinty,Female,83
232,Kipp,Greenhead,Female,41
233,Briny,Iston,Female,71
234,Christalle,Dunlea,Female,34
235,Adolpho,Khadir,Male,60
236,Cyrillus,Hatterslay,Male,93
237,Joan,Jerrems,Female,81
238,Letizia,Abramovic,Female,37
239,Irvine,Offer,Male,86
240,Madelina,Bailey,Female,29
241,Normand,MacEntee,Male,27
242,Livy,Lapping,Female,85
243,Filippo,Blanchflower,Male,66
244,Wenda,Segebrecht,Female,96
245,Delmor,McDonagh,Male,31
246,Vale,Brundle,Female,100
247,Ellen,Asch,Female,47
248,Neale,Dewen,Male,36
249,Aron,Ownsworth,Male,95
250,Tripp,Luton,Male,24
251,Jose,Janisson,Male,56
252,Ashlee,Tower,Female,31
253,Willem,Guillem,Male,67
254,Leanora,Andreotti,Female,57
255,Vin,Hinstridge,Male,13
256,Muire,Lamke,Female,61
257,Mathilde,Hundall,Female,70
258,Terrence,Gillogley,Male,62
259,Mart,Rouke,Male,88
260,Caryn,Kiddy,Female,51
261,Row,Trewhella,Female,46
262,Carmita,Bellworthy,Female,47
263,Paule,McNirlan,Female,95
264,Jedediah,McLarty,Male,90
265,Pieter,O'Shaughnessy,Male,32
266,Riobard,Ashness,Male,59
267,Agustin,McGregor,Male,81
268,Butch,Testo,Male,49
269,Alaric,Race,Male,22
270,Willabella,Rosenzveig,Female,61
271,Sergio,Ladley,Male,64
272,Karl,Anney,Male,49
273,Laird,Pharoah,Male,83
274,Karoline,Bundy,Female,24
275,Gerta,Liston,Bigender,60
276,Clerkclaude,Burhouse,Male,65
277,Skell,Lawranson,Non-binary,76
278,Huntlee,Warrier,Male,96
279,Minni,McPeake,Female,50
280,Goldina,Richings,Female,45
281,Kendricks,Wrathmell,Male,1
282,Ronald,Siggens,Male,13
283,Lynnette,Younglove,Female,46
284,Gardie,Fenny,Male,28
285,Rog,Stove,Male,3
286,Wernher,Ramshay,Male,6
287,Corilla,Darwent,Female,100
288,Malynda,Geekin,Female,76
289,Maxim,Hun,Male,38
290,Allan,Jentle,Male,5
291,Ashia,Schuricke,Female,0
292,Ross,Gold,Male,72
293,Linoel,Shyram,Male,88
294,Silvanus,Visick,Male,55
295,Frederick,Stetson,Male,60
296,Alfie,Clemmitt,Male,63
297,Ophelie,Olpin,Female,95
298,Earvin,Gouldbourn,Male,48
299,Hodge,Hollingsbee,Male,67
300,Orv,Oakes,Male,41
301,Pincas,Handrek,Male,54
302,Jose,Maxwale,Male,14
303,Rey,Brunton,Male,99
304,Carlita,Bugbird,Female,18
305,Jania,Bransom,Female,2
306,Merissa,Gunningham,Female,11
307,Adriena,Fowley,Female,72
308,Elysia,Mundford,Female,26
309,Virgie,Arnet,Male,64
310,Lilah,Simnell,Female,54
311,Bella,Smittoune,Female,14
312,Layney,Greenhouse,Female,65
313,Jan,McKeurton,Female,7
314,Yoko,Smickle,Female,20
315,Dulcie,Goodlip,Female,76
316,Alyss,Springford,Female,16
317,Maryanne,Carloni,Female,38
318,Corinna,Raistrick,Female,84
319,Alisa,Gendrich,Agender,11
320,Gibby,Brookesbie,Male,23
321,Kassi,Semarke,Female,69
322,Kellby,Kidney,Male,81
323,Iago,Yannikov,Male,35
324,Ossie,Van Cassel,Male,2
325,Edmon,Trineman,Male,7
326,Sarita,Sturman,Female,55
327,Ginni,Spain-Gower,Female,77
328,Muire,Beazey,Female,22
329,Pavla,Gloster,Female,78
330,Julissa,Coghlin,Female,24
331,Wyatt,Tipper,Male,48
332,Gabi,Sutliff,Female,94
333,Loretta,Readwing,Female,99
334,Shannan,Macari,Male,33
335,Glynis,Grunwald,Female,9
336,Rochell,Junkin,Female,1
337,Elmer,Hucks,Male,49
338,Cyrus,Grantham,Male,92
339,Orv,Gomm,Male,57
340,Brynne,Smiz,Female,28
341,Marcelia,Eversley,Female,93
342,Yancey,Sanham,Male,8
343,Emmalynn,Kaemena,Female,13
344,Moses,Disbrey,Male,81
345,Pauli,Greenley,Non-binary,16
346,Emogene,Mower,Female,69
347,Kassie,Diamant,Female,20
348,Graehme,Kindle,Male,13
349,Janka,Schoroder,Genderfluid,75
350,Britt,Baskerville,Female,23
351,Humfried,Patry,Male,95
352,Ambros,Hadden,Male,60
353,Benton,Oxe,Male,96
354,Nichols,Thomas,Male,64
355,Farr,Turnor,Male,56
356,Maighdiln,Bobasch,Female,100
357,Othilia,Bahls,Female,96
358,Bernetta,Mapledoram,Female,41
359,Hetty,Brame,Female,91
360,Ailbert,Kryzhov,Male,23
361,Page,Cartman,Female,18
362,Cornie,Potter,Male,40
363,Harman,Greeding,Male,100
364,Corey,De-Ville,Male,43
365,Dyann,MacMechan,Female,94
366,Artus,Etty,Male,16
367,Lowe,Loddy,Male,56
368,Emery,Pidgin,Male,94
369,Duky,Hart,Male,93
370,Huntington,Fillan,Male,47
371,Cynthia,Mackison,Female,43
372,Rees,Mc Elory,Male,59
373,Maximilianus,Crockford,Male,79
374,Mal,Leethem,Male,56
375,Merilyn,Eisikowitch,Female,25
376,Alasteir,Tournie,Male,38
377,Benedick,Cawkill,Male,94
378,Ira,Bubear,Male,56
379,Roderick,Frift,Male,3
380,Zorina,Rowthorne,Female,52
381,Nappy,Baysting,Male,59
382,Alberik,Wakenshaw,Male,13
383,Rheta,Baldrey,Female,25
384,Gerry,Twinterman,Male,37
385,Marika,Knill,Female,71
386,Derby,Hebbs,Male,37
387,Fredra,Holdin,Female,32
388,Tansy,Burden,Female,26
389,Tara,Lauks,Female,86
390,Odessa,McGilbon,Female,81
391,Ailbert,Kardos-Stowe,Male,23
392,Dudley,Cosgrive,Male,18
393,Rivy,Robecon,Genderfluid,6
394,Riane,Thorius,Female,9
395,Emery,Batkin,Genderqueer,67
396,Reinaldos,Pridding,Male,52
397,Elyn,Guite,Female,39
398,Alfonso,Clemon,Male,13
399,Falkner,Elion,Male,24
400,Jan,Giorgioni,Female,85
401,Faunie,McCome,Female,26
402,Rosanna,Martinho,Female,54
403,Amargo,Kennifeck,Genderqueer,40
404,Heida,Riglesford,Female,6
405,Kitti,Pate,Female,9
406,Wynn,Keener,Male,46
407,Davita,Harber,Female,3
408,Krisha,Osbourn,Male,68
409,Sutton,Rodear,Genderfluid,41
410,Brinna,Rosenblum,Female,48
411,Alethea,Whyard,Female,20
412,Annalee,Houseman,Female,69
413,Caddric,Collacombe,Male,21
414,Court,Nuzzti,Male,56
415,Loella,Denziloe,Female,32
416,Doralynn,Rubenov,Female,9
417,Crin,Pilsworth,Female,64
418,Derrick,Sales,Male,47
419,Wilhelm,Johnston,Male,94
420,Lusa,Makinson,Genderqueer,35
421,Caldwell,Snaddin,Male,45
422,Berne,Everleigh,Male,78
423,Margaretta,Sture,Genderqueer,85
424,Bobbie,Gillooly,Male,61
425,Lek,Setterthwait,Male,68
426,Mella,Eustace,Female,35
427,Jonell,Godon,Female,19
428,Kristoffer,Donalson,Male,28
429,Joni,Cleiment,Female,64
430,Ashton,Sperring,Male,2
431,Isadore,Pavlata,Genderfluid,26
432,Genevieve,Christmas,Female,87
433,Ethelda,Winyard,Female,3
434,Ronni,Carmichael,Female,47
435,Betti,Gauler,Female,56
436,Abrahan,Artz,Male,19
437,Miles,Sarsons,Male,17
438,Debbie,Marginson,Female,61
439,Anstice,Mackelworth,Female,67
440,Lorie,Braisby,Non-binary,18
441,Kelley,Reichelt,Male,45
442,Melly,Bunhill,Female,62
443,Sam,Pischof,Female,19
444,Shalna,Ramet,Genderfluid,34
445,Ileane,Spier,Female,85
446,Dillon,Lathwood,Male,81
447,Kirbee,Claricoates,Female,55
448,Jaimie,Whiles,Female,74
449,Gerard,Froschauer,Male,15
450,Tamas,Roubert,Male,96
451,Kaylee,Murr,Female,87
452,Isabelita,Wincott,Female,27
453,Ainslee,Benit,Female,22
454,Beverly,Pain,Female,99
455,Skye,Maasz,Male,42
456,Rolf,Johannes,Male,76
457,Abbe,Barrand,Male,50
458,Sherri,Onslow,Genderqueer,3
459,Cathlene,Bullivent,Female,25
460,Martie,Jacquet,Female,65
461,Parry,Garioch,Genderfluid,29
462,Carlynn,Gowler,Female,87
463,Wilbur,Turbitt,Male,9
464,Leicester,Hounson,Male,78
465,Brucie,Prothero,Male,6
466,Bret,Rylstone,Male,9
467,Maddie,Huntall,Female,45
468,Gram,Abry,Male,2
469,Ruthe,Dollen,Female,98
470,Anjanette,Blaase,Female,48
471,Regen,Aubery,Male,87
472,Rabbi,Woolhouse,Male,80
473,Sherwin,Boyington,Bigender,8
474,Tess,Powis,Female,30
475,Ely,Tilburn,Male,53
476,Trix,Govenlock,Bigender,44
477,Berky,Bidewell,Male,18
478,Krystal,Manns,Female,71
479,Maybelle,Sieghard,Female,28
480,Nadya,Buttery,Female,11
481,Rog,Josowitz,Male,55
482,Hobie,Arnett,Agender,32
483,Catlin,Guerre,Female,49
484,Yettie,Vigours,Non-binary,51
485,Mart,Shewsmith,Male,74
486,Bill,Plowman,Female,61
487,Mildrid,Maudlin,Female,69
488,Waylen,Chastelain,Male,67
489,Rogerio,Morcomb,Male,5
490,Cathryn,Dikles,Female,86
491,Cletis,Abramovici,Male,12
492,Ben,Guittet,Male,71
493,Rufe,Grennan,Male,38
494,Crawford,Kaes,Polygender,63
495,Dorie,Kitchener,Male,56
496,Flynn,Pawson,Male,98
497,Lovell,Harragin,Male,67
498,Byram,Rubinsky,Male,27
499,Eldin,Campana,Male,47
500,Noll,Stirland,Male,64
501,Anton,Klyn,Male,55
502,Welbie,Laughnan,Male,16
503,Hilton,Brisland,Male,3
504,Early,Bamborough,Non-binary,6
505,Melesa,Dobby,Genderqueer,19
506,Chanda,Jeanneau,Female,47
507,Shani,Dowall,Female,86
508,Ramon,McKeeman,Male,41
509,Sayer,Volke,Male,29
510,Florenza,Fendlow,Female,100
511,Hedy,Touson,Female,29
512,Marybeth,Seabright,Female,49
513,Judon,Bransgrove,Male,90
514,Zollie,Holton,Male,2
515,Cristabel,Cupper,Female,8
516,Talyah,Lipyeat,Female,38
517,Ashil,McNiven,Female,72
518,Lovell,Oakton,Male,14
519,Nataline,Grelik,Female,26
520,Jeth,Branche,Male,97
521,Maible,Emanson,Female,11
522,Ara,Willgoose,Male,66
523,Abey,Cattell,Male,69
524,Ferdinanda,Winridge,Bigender,69
525,Row,Folonin,Female,62
526,Lev,Abramovicz,Male,70
527,Brendon,Hingeley,Male,12
528,Patty,Sirr,Female,64
529,Hadlee,Powrie,Male,24
530,Kay,Bartolic,Female,31
531,Husein,Girardi,Male,89
532,Andria,Dockrey,Female,69
533,Desiree,Mease,Female,89
534,Roland,Lamboll,Male,67
535,George,Czadla,Non-binary,48
536,Gorden,Tansey,Male,100
537,Nina,Blakely,Female,59
538,Colby,Speke,Male,71
539,Lauri,Reiach,Female,83
540,Man,Roundtree,Male,79
541,Min,Batts,Female,43
542,Arni,Collocott,Male,51
543,Adrianne,Dotson,Female,18
544,Clare,Tonkes,Female,15
545,Tyrone,Cornew,Male,49
546,Anna,Gathercoal,Female,66
547,Opal,Slark,Female,99
548,Maryrose,Washbrook,Female,68
549,Cristal,Ferguson,Female,56
550,Dalli,McGorman,Male,34
551,Morlee,Dixson,Male,9
552,Valencia,Albertson,Female,48
553,Dionne,Accombe,Female,94
554,Alicia,Milhench,Genderfluid,98
555,Gabriell,Sygrove,Female,91
556,Adora,Castard,Female,51
557,Alfy,Scandred,Female,59
558,Danyette,Dyne,Female,0
559,Josselyn,Shayes,Agender,0
560,Sib,Farthin,Female,48
561,Petra,Blindmann,Female,29
562,Seline,Silby,Female,1
563,Alie,Jados,Female,32
564,Sukey,Radwell,Agender,96
565,Erhard,Ipgrave,Male,5
566,Tab,Emmines,Male,24
567,Lorita,Deesly,Female,54
568,Tierney,Fassan,Female,35
569,Charissa,Wallbrook,Female,81
570,Marybelle,Antuk,Female,46
571,Christa,Varrow,Female,54
572,Myrtice,Deakins,Female,7
573,Pinchas,Clelland,Male,38
574,Therese,Ebbens,Female,76
575,Timmie,Blacklock,Genderqueer,80
576,Binny,Samways,Female,30
577,Giacomo,Scholl,Male,33
578,Mallory,Arden,Male,6
579,Mathian,Darton,Male,55
580,Farand,McDonell,Female,31
581,Nicki,Thompsett,Female,7
582,Darius,Eads,Male,52
583,Conney,Battye,Male,55
584,Doris,Milier,Female,33
585,Devy,Betham,Male,36
586,Vittoria,Mumford,Female,59
587,Sheelah,Wharlton,Female,47
588,Rachael,Cosbee,Female,64
589,Dollie,Cundey,Female,18
590,Zena,Polendine,Female,51
591,Leela,De Malchar,Genderfluid,84
592,Neile,Brandolini,Polygender,11
593,Arlin,Lynam,Male,30
594,Stacie,Hoggetts,Female,14
595,Zared,Emmott,Male,79
596,Claribel,Prantl,Female,57
597,Alix,Persence,Male,25
598,Arda,Davidou,Female,6
599,Kahaleel,Patis,Non-binary,90
600,Terrie,Godspede,Female,78
601,Ozzie,Stollwerk,Male,97
602,Doralia,Staterfield,Female,29
603,Charlton,Emtage,Male,72
604,Antoine,Hounsome,Male,27
605,Roslyn,Hambidge,Female,8
606,Coral,Lapworth,Bigender,96
607,Martyn,Whelband,Male,53
608,Gayelord,Dombrell,Male,76
609,Coraline,Devo,Female,78
610,Elsa,McGlade,Female,21
611,Joe,Bransdon,Male,15
612,Jone,Dodman,Male,68
613,Abran,Josham,Male,30
614,Sky,Bengle,Male,53
615,Glad,Allmen,Female,57
616,Robinett,Mottinelli,Genderqueer,17
617,Darb,Pointer,Male,24
618,Freddy,Shinfield,Female,88
619,Sunny,Mannock,Non-binary,0
620,Jessey,Siggery,Male,88
621,Carey,Billiard,Male,37
622,Sibley,MacFarlane,Female,65
623,Denny,Bannerman,Male,42
624,Wiley,Meyrick,Male,92
625,Roxanna,Leither,Female,63
626,Tony,Jeanon,Male,2
627,Balduin,O'Connel,Male,92
628,Murial,de Lloyd,Female,60
629,Roseanne,Galland,Female,72
630,Conrade,Izzett,Male,87
631,Allison,Delacourt,Female,66
632,Herschel,Mound,Male,29
633,Virge,Duckels,Male,50
634,Hasty,Thouless,Male,27
635,Laverna,Dulling,Female,38
636,Sawyer,Eves,Agender,94
637,Pier,Gregorin,Female,21
638,Tanny,Klas,Male,66
639,Jenni,Ball,Non-binary,24
640,Flint,Jimes,Male,3
641,Kala,Guerrazzi,Female,41
642,Vincents,O'Roan,Male,54
643,Hetty,Becconsall,Female,37
644,Clarance,Schimank,Male,91
645,Shem,Howgego,Male,72
646,Korney,Hundal,Female,17
647,Darn,Droghan,Male,43
648,Venita,Willets,Female,21
649,Brenden,O'Dea,Male,27
650,Cristen,McDirmid,Female,5
651,Del,Morriarty,Male,52
652,Pincas,Wateridge,Male,77
653,Anton,Gittens,Polygender,3
654,Stephanus,Fletcher,Male,29
655,Hodge,Pitherick,Male,54
656,Jacquelyn,Vannar,Female,26
657,Gaven,Malinowski,Male,55
658,Garwin,Phillips,Male,66
659,Marketa,Schachter,Female,9
660,Elmer,Mertgen,Male,85
661,Yale,Bevens,Male,95
662,Harman,Baldi,Male,0
663,Isadora,Scarman,Female,48
664,Worth,Grovier,Male,59
665,Arabel,Mechic,Female,54
666,Daren,Potteridge,Male,27
667,Loraine,Ambroix,Female,26
668,Marcel,Grewar,Male,0
669,Bartlet,Bonnick,Male,33
670,Chance,Baggarley,Male,90
671,Cherie,O' Borne,Female,43
672,Karole,Srutton,Female,61
673,Hilda,Pietron,Female,88
674,Ram,Castel,Male,75
675,Hilario,Grisard,Male,24
676,Alexina,Churchouse,Female,97
677,Misty,McGee,Female,62
678,Shannon,Rolston,Genderfluid,49
679,Paige,Costan,Male,97
680,Niki,Twinborne,Male,24
681,Rebbecca,Wodeland,Female,63
682,Den,Sandell,Male,62
683,Pauly,Dickons,Female,34
684,Carlene,Garman,Agender,33
685,Edgar,Segeswoeth,Male,83
686,Rowena,Alsina,Female,21
687,Neill,Godleman,Male,64
688,Dody,Deadman,Female,29
689,Chicky,Boick,Male,90
690,Marleen,Pash,Female,70
691,Debora,Rolin,Female,85
692,Sada,Bramwell,Female,61
693,Roddie,Barthod,Male,31
694,Ruthanne,Gooddie,Female,50
695,Dee dee,Sindle,Female,43
696,Alfy,Kasting,Male,86
697,Sada,Elford,Female,87
698,Staford,Brockley,Male,74
699,Sam,McGurn,Male,65
700,Al,Kidde,Male,66
701,Melamie,Barkes,Female,60
702,Simone,Durning,Male,90
703,Millie,Menure,Female,4
704,Hugo,Maffioni,Male,69
705,Marcelo,Wheeliker,Male,67
706,Valdemar,Sessions,Male,37
707,Ingaborg,Tritton,Female,60
708,Ingaberg,Dorrance,Female,44
709,Caralie,McLugish,Female,2
710,Jilli,Speares,Female,38
711,Adelaida,Tolworth,Polygender,13
712,Gene,Vawton,Male,73
713,Alida,Pischof,Female,80
714,Sheryl,Weson,Female,4
715,Frants,Beumant,Male,47
716,Diane-marie,Potter,Female,54
717,Yvor,Plitz,Male,75
718,Natty,Goforth,Female,40
719,Prentice,Lindeboom,Male,64
720,Lorianne,Rosenzveig,Female,90
721,Falkner,Isham,Male,37
722,Bobette,Gyver,Genderfluid,25
723,Olympia,Grabham,Female,47
724,Marillin,Wooler,Female,16
725,Danette,Masurel,Female,54
726,Stephine,Valder,Female,80
727,Hube,Jarmain,Polygender,85
728,Maura,Bohin,Female,75
729,Tadio,Dumberrill,Male,64
730,Dorine,Claiden,Female,33
731,Hetty,Grice,Female,78
732,Cammie,Lawrey,Female,21
733,Candide,Scammell,Female,63
734,Latashia,Oley,Bigender,73
735,Rodrique,Girodier,Male,52
736,Alecia,Blomfield,Female,57
737,Huntlee,Dell Casa,Male,9
738,Mahmoud,Tetley,Male,4
739,Alma,Nutt,Non-binary,73
740,Fabien,Mathan,Male,10
741,Nonah,Hemerijk,Female,88
742,Weber,Tebald,Male,5
743,Paten,Leverson,Male,100
744,Nobe,Sappy,Male,100
745,Lenna,MacTrusty,Female,34
746,Linda,Dael,Female,61
747,Beilul,Spratley,Female,63
748,Quintin,Hoogendorp,Male,94
749,Edithe,Barlace,Female,29
750,Vanda,Amori,Female,29
751,Noll,Scrivner,Male,40
752,Barde,Lazenby,Male,90
753,Kit,Elliman,Female,89
754,Stevy,Markus,Male,28
755,Drucie,O'Hanlon,Bigender,36
756,Susan,Rumming,Female,52
757,Roxana,Boards,Female,45
758,Mario,Heugel,Bigender,19
759,Warner,Skeleton,Male,51
760,Anna-diane,Dunphie,Female,97
761,Boony,Lampe,Male,52
762,Loella,Kalf,Female,24
763,Rennie,Kelsell,Female,1
764,Gabbie,Fendt,Male,85
765,Myrle,Sarson,Female,61
766,Inigo,Darnody,Male,76
767,Josee,Poll,Female,29
768,Donn,Truckett,Male,31
769,Nolly,Tracy,Male,69
770,Vikki,Martignon,Agender,34
771,Feodor,Chisnell,Bigender,44
772,Garwin,Adams,Male,96
773,Blondie,Pollicote,Female,30
774,Krisha,Newing,Male,56
775,Fanny,Millberg,Female,0
776,Archambault,Ivashin,Male,60
777,Jourdain,Trays,Male,58
778,Waly,Noyce,Female,45
779,Trish,Mullan,Female,65
780,Les,Backshell,Male,38
781,Lucille,Norsister,Female,95
782,Rita,Caldeyroux,Female,41
783,Helenelizabeth,Hargrove,Genderqueer,13
784,Meryl,Benedidick,Male,13
785,Cilka,Sidon,Female,85
786,Shalne,Klimuk,Female,23
787,Kissee,Lampitt,Female,19
788,Moria,Cobden,Female,40
789,Janice,Stennes,Female,56
790,Bendix,Jeannequin,Male,11
791,Vasily,Haughin,Male,89
792,Eamon,McCloughlin,Male,18
793,Liana,Dmitrovic,Female,73
794,Nikolai,Donativo,Male,77
795,Brandon,Deeprose,Male,78
796,Nolly,McCleverty,Male,36
797,Brody,Brehault,Male,17
798,Brunhilde,Bendixen,Female,48
799,Joseph,Derby,Male,36
800,Ilyse,Biggans,Female,69
801,Delcine,Shackesby,Female,95
802,Catlin,Alyokhin,Female,63
803,Lulita,Creamen,Female,45
804,Jaine,Gooden,Genderfluid,95
805,Roscoe,Sommerfeld,Male,75
806,Hendrick,Silby,Polygender,9
807,Leelah,Veighey,Female,43
808,Yurik,Olivari,Male,47
809,Riordan,Antonetti,Male,18
810,Ted,Tomaszewicz,Male,80
811,Ethyl,Nobriga,Female,42
812,Dene,Halshaw,Male,9
813,Culley,Rennison,Male,53
814,Lambert,Baggiani,Male,54
815,Salaidh,MacRirie,Female,30
816,Giff,Lowings,Male,74
817,Penelope,Depper,Female,10
818,Maridel,Case,Female,33
819,Benedikt,Lancley,Male,18
820,Trix,Novichenko,Female,27
821,Mel,Midgely,Female,8
822,Maye,Reaman,Female,94
823,Ermina,Iacovielli,Female,81
824,Linus,Demer,Male,84
825,Chrisse,Mirrlees,Male,53
826,Nikos,Hallan,Male,28
827,Giuseppe,Rimbault,Male,95
828,Brigham,Accomb,Male,70
829,Rowe,Stellman,Female,82
830,Christiano,Baxandall,Male,84
831,Alexis,Holywell,Female,16
832,Yvette,Fulop,Female,46
833,Daphne,Voisey,Female,24
834,Lillian,Penberthy,Female,45
835,Hermann,Arney,Male,64
836,Arney,Jeens,Male,27
837,Artemas,Lismer,Male,52
838,Conrad,Pankettman,Male,92
839,Ermanno,Gayton,Male,94
840,Jermayne,Gorini,Bigender,65
841,Monika,Goutcher,Female,93
842,Drake,Besson,Male,66
843,Maddie,Pestor,Male,38
844,Ave,Rubinow,Male,38
845,Cyndie,Linzee,Female,52
846,Pren,Brastead,Male,89
847,Florenza,Wadlow,Female,21
848,Binny,Collerd,Female,21
849,Doll,Cheesley,Female,55
850,Kala,McGillivray,Female,56
851,Lionello,Lille,Male,10
852,Susann,Bartlomiej,Female,41
853,Carma,de Bullion,Female,13
854,Valentino,Maingot,Male,22
855,Burl,Mordacai,Male,73
856,Phillida,Kenton,Female,86
857,Birdie,Plan,Female,14
858,Patti,Gillies,Agender,63
859,Yalonda,Calven,Female,67
860,Julia,Connaughton,Female,0
861,Junia,Dykas,Female,9
862,Dew,Pipet,Male,85
863,Marysa,Hanaford,Female,28
864,Natalina,Frape,Female,98
865,Gert,Andriss,Female,12
866,Cindelyn,Costen,Female,89
867,Erroll,Teager,Male,22
868,Juliane,O'Shesnan,Non-binary,85
869,Cyndia,McElree,Female,15
870,Shanan,Seamons,Male,22
871,Gillie,Bubear,Female,67
872,Clint,Maitland,Male,11
873,Lois,Matzaitis,Genderfluid,61
874,Deny,Danko,Female,94
875,Waiter,Pheby,Male,76
876,Jillie,Sewley,Female,4
877,Cloris,Escalera,Genderfluid,72
878,Wadsworth,Checcuzzi,Male,80
879,Staci,Swift,Female,50
880,Appolonia,Ubsdell,Non-binary,69
881,Sunny,Kliemchen,Male,34
882,Kimberley,Abramamovh,Female,22
883,Emlyn,Gwynn,Male,40
884,Patrizia,Arnholtz,Female,71
885,Nisse,De Bruijne,Female,58
886,Tibold,McCurley,Male,6
887,Lissi,Vassman,Female,94
888,Welsh,Dartnell,Male,18
889,Terese,Nutkin,Genderqueer,98
890,Franz,Tunstall,Male,70
891,Hoebart,Webburn,Agender,37
892,Gabe,Flahive,Male,89
893,Bryon,Castlake,Male,48
894,Neel,Cristofolo,Male,69
895,Abbie,Tickel,Female,43
896,Winne,Jeandon,Female,73
897,Latrina,Gillingwater,Female,97
898,Laina,Bruniges,Female,75
899,Ariana,Bickmore,Female,3
900,Shaylynn,Alliot,Female,74
901,Tobi,Ingerman,Agender,33
902,Raviv,Sunderland,Male,23
903,Antoine,Filan,Male,62
904,Luciano,Boner,Male,92
905,Ram,Demongeot,Non-binary,66
906,Val,Crumly,Male,7
907,Seward,Spieght,Male,7
908,Madella,Ernshaw,Female,92
909,Meredith,Klima,Female,82
910,Germaine,Dowzell,Male,74
911,Michaeline,Cleverley,Female,94
912,Mariejeanne,Crann,Female,40
913,Risa,MacInerney,Female,96
914,Silvia,Pallesen,Female,89
915,Shana,Shrimptone,Female,11
916,Rania,Goney,Female,96
917,Benji,Ellick,Male,32
918,Susannah,Croall,Female,85
919,Ailbert,Waiting,Male,69
920,Roderich,Guerrazzi,Male,94
921,Gradey,Caress,Male,73
922,Andros,Ouver,Male,71
923,Skell,Dicks,Male,20
924,Osgood,Maudsley,Male,9
925,Arte,Craig,Male,23
926,Bearnard,Douglas,Male,97
927,Carmen,Pauwel,Female,83
928,Revkah,Searl,Female,87
929,Storm,Semper,Female,100
930,Phil,Oneil,Male,8
931,Pierrette,Constable,Female,70
932,Desmond,Ledamun,Male,25
933,Lorianna,Scurrer,Female,56
934,Stanleigh,Bowskill,Male,32
935,Cobbie,Bonicelli,Male,63
936,Randal,Pendreigh,Male,63
937,Goddard,Gladdor,Male,19
938,Hilliary,Dytham,Female,8
939,Debi,Robert,Female,57
940,Nikolia,Esp,Female,86
941,Frayda,Matschek,Female,72
942,Emili,Schwand,Female,43
943,Jenifer,Ellesworthe,Female,26
944,Perren,Blaszkiewicz,Male,29
945,Ianthe,Littrell,Female,84
946,Rayshell,Ashall,Female,79
947,Diane,Peasby,Female,99
948,Sebastian,Poles,Male,12
949,Jolynn,Gawler,Female,58
950,Kimberly,Hampshaw,Female,67
951,Teddy,Duran,Male,16
952,Erny,Valsler,Male,55
953,Marys,Mundell,Genderqueer,22
954,Krystle,Charge,Female,26
955,Winnie,Benezeit,Male,45
956,Maris,Storkes,Non-binary,54
957,Annette,Aslott,Female,86
958,Warde,Billiard,Male,51
959,Vaughn,O'Hoolahan,Male,15
960,Allyn,Brittan,Male,93
961,Leonelle,Grasner,Female,90
962,Haskel,Elstub,Male,79
963,Edgar,Casterou,Male,83
964,Timothy,Croucher,Male,94
965,Christean,Fanthom,Female,48
966,Emogene,Arkley,Female,29
967,Rosalinda,Book,Genderqueer,33
968,Jule,Jackling,Polygender,87
969,Tad,Blandford,Male,88
970,Packston,Maciejewski,Male,24
971,Minette,Blyden,Female,39
972,Gustie,Eglaise,Female,0
973,Loleta,Zebedee,Female,9
974,Verena,Shirt,Bigender,24
975,Katusha,Ortiga,Agender,30
976,Hanni,Coate,Female,8
977,Odell,Methven,Male,50
978,Billy,Smye,Female,42
979,Shandee,Perrone,Female,56
980,Beatrix,Chidlow,Female,44
981,Antons,Gribbell,Male,84
982,Avram,Dillinger,Male,60
983,Sonya,Spain,Female,20
984,Jilli,Downey,Female,47
985,Alan,Fieldhouse,Male,90
986,Jillie,Corday,Female,22
987,Miguel,Jandl,Male,76
988,Jillene,Ellins,Female,51
989,Perry,Vellden,Female,94
990,Shay,Grute,Male,23
991,Lowell,Sherlock,Male,25
992,Sigismond,Conniam,Male,56
993,Ulick,De Ambrosis,Male,21
994,Rolando,Wield,Male,73
995,Darryl,Bartlam,Male,90
996,Moritz,Blunn,Male,57
997,Adiana,Davidof,Female,13
998,Lesley,Greenacre,Male,49
999,Shelly,Tills,Female,90
1000,Kalindi,Abethell,Female,12
